id,fechaLog,descripcionLog,valorDecimal,valorEntero,valorEntero2
"5016","24/7/2019 00:00:00","prueba 1",,,
"5017","24/7/2019 00:00:00","prueba 2",,,
"5018","24/7/2019 00:00:00","prueba 3",,,
"5019","24/7/2019 00:00:00","prueba 4",,,
"5020","24/7/2019 00:00:00","prueba 5",,,
"5021","24/7/2019 00:00:00","prueba 6",,,
"5022","24/7/2019 00:00:00","prueba 7",,,
"5023","24/7/2019 00:00:00","prueba 8",,,
"5024","24/7/2019 00:00:00","prueba 9",,,
"5025","24/7/2019 20:22:48","prueba 10",,,
"5026","24/7/2019 20:22:48","prueba 11",,,
"5027","24/7/2019 20:22:48","prueba 12",,,
"5028","24/7/2019 20:22:48","prueba 13",,,
"5029","24/7/2019 20:22:48","prueba 14",,,
"5030","24/7/2019 00:00:00","prueba 15",,,
"5031","24/7/2019 20:22:48","prueba 16",,,
"5032","24/7/2019 20:22:48","prueba 17",,,
"5033","24/7/2019 00:00:00","prueba 18",,,
"5034","24/7/2019 20:22:48","prueba 19",,,
"5035","24/7/2019 00:00:00","prueba 20",,,
"5036","24/7/2019 00:00:00","prueba 21",,,
"5037","24/7/2019 00:00:00","prueba 22",,,
"5038","24/7/2019 20:22:48","prueba 23",,,
"5039","24/7/2019 20:22:48","prueba 24",,,
"5040","24/7/2019 20:22:48","prueba 25",,,
"5041","24/7/2019 00:00:00","prueba 26",,,
"5042","24/7/2019 20:22:48","prueba 27",,,
"5043","24/7/2019 00:00:00","prueba 28",,,
"5044","24/7/2019 00:00:00","prueba 29",,,
"5045","24/7/2019 00:00:00","prueba 30",,,
"5046","24/7/2019 00:00:00","prueba 31",,,
"5047","24/7/2019 00:00:00","prueba 32",,,
"5048","24/7/2019 00:00:00","prueba 33",,,
"5049","24/7/2019 00:00:00","prueba 34",,,
"5050","24/7/2019 00:00:00","prueba 35",,,
"5051","24/7/2019 00:00:00","prueba 36",,,
"5052","24/7/2019 00:00:00","prueba 37",,,
"5053","24/7/2019 00:00:00","prueba 38",,,
"5054","24/7/2019 00:00:00","prueba 39",,,
"5055","24/7/2019 00:00:00","prueba 40",,,
"5056","24/7/2019 00:00:00","prueba 41",,,
"5057","24/7/2019 00:00:00","prueba 42",,,
"5058","24/7/2019 00:00:00","prueba 43",,,
"5059","24/7/2019 00:00:00","prueba 44",,,
"5060","24/7/2019 00:00:00","prueba 45",,,
"5061","24/7/2019 00:00:00","prueba 46",,,
"5062","24/7/2019 00:00:00","prueba 47",,,
"5063","24/7/2019 00:00:00","prueba 48",,,
"5064","24/7/2019 00:00:00","prueba 49",,,
"5065","24/7/2019 00:00:00","prueba 50",,,
"5066","24/7/2019 00:00:00","prueba 51",,,
"5067","24/7/2019 00:00:00","prueba 52",,,
"5068","24/7/2019 00:00:00","prueba 53",,,
"5069","24/7/2019 00:00:00","prueba 54",,,
"5070","24/7/2019 00:00:00","prueba 55",,,
"5071","24/7/2019 00:00:00","prueba 56",,,
"5072","24/7/2019 00:00:00","prueba 57",,,
"5073","24/7/2019 00:00:00","prueba 58",,,
"5074","24/7/2019 00:00:00","prueba 59",,,
"5075","24/7/2019 00:00:00","prueba 60",,,
"5076","24/7/2019 00:00:00","prueba 61",,,
"5077","24/7/2019 00:00:00","prueba 62",,,
"5078","24/7/2019 00:00:00","prueba 63",,,
"5079","24/7/2019 00:00:00","prueba 64",,,
"5080","24/7/2019 00:00:00","prueba 65",,,
"5081","24/7/2019 00:00:00","prueba 66",,,
"5082","24/7/2019 00:00:00","prueba 67",,,
"5083","24/7/2019 00:00:00","prueba 68",,,
"5084","24/7/2019 00:00:00","prueba 69",,,
"5085","24/7/2019 00:00:00","prueba 70",,,
"5086","24/7/2019 00:00:00","prueba 71",,,
"5087","24/7/2019 00:00:00","prueba 72",,,
"5088","24/7/2019 00:00:00","prueba 73",,,
"5089","24/7/2019 00:00:00","prueba 74",,,
"5090","24/7/2019 00:00:00","prueba 75",,,
"5091","24/7/2019 00:00:00","prueba 76",,,
"5092","24/7/2019 00:00:00","prueba 77",,,
"5093","24/7/2019 00:00:00","prueba 78",,,
"5094","24/7/2019 00:00:00","prueba 79",,,
"5095","24/7/2019 00:00:00","prueba 80",,,
"5096","24/7/2019 00:00:00","prueba 81",,,
"5097","24/7/2019 00:00:00","prueba 82",,,
"5098","24/7/2019 00:00:00","prueba 83",,,
"5099","24/7/2019 00:00:00","prueba 84",,,
"5100","24/7/2019 00:00:00","prueba 85",,,
"5101","24/7/2019 00:00:00","prueba 86",,,
"5102","24/7/2019 00:00:00","prueba 87",,,
"5103","24/7/2019 00:00:00","prueba 88",,,
"5104","24/7/2019 00:00:00","prueba 89",,,
"5105","24/7/2019 00:00:00","prueba 90",,,
"5106","24/7/2019 00:00:00","prueba 91",,,
"5107","24/7/2019 00:00:00","prueba 92",,,
"5108","24/7/2019 00:00:00","prueba 93",,,
"5109","24/7/2019 00:00:00","prueba 94",,,
"5110","24/7/2019 00:00:00","prueba 95",,,
"5111","24/7/2019 00:00:00","prueba 96",,,
"5112","24/7/2019 00:00:00","prueba 97",,,
"5113","24/7/2019 00:00:00","prueba 98",,,
"5114","24/7/2019 00:00:00","prueba 99",,,
"5115","24/7/2019 00:00:00","prueba 100",,,
"5116","24/7/2019 00:00:00","prueba 101",,,
"5117","24/7/2019 00:00:00","prueba 102",,,
"5118","24/7/2019 00:00:00","prueba 103",,,
"5119","24/7/2019 00:00:00","prueba 104",,,
"5120","24/7/2019 00:00:00","prueba 105",,,
"5121","24/7/2019 00:00:00","prueba 106",,,
"5122","24/7/2019 00:00:00","prueba 107",,,
"5123","24/7/2019 00:00:00","prueba 108",,,
"5124","24/7/2019 00:00:00","prueba 109",,,
"5125","24/7/2019 00:00:00","prueba 110",,,
"5126","24/7/2019 00:00:00","prueba 111",,,
"5127","24/7/2019 00:00:00","prueba 112",,,
"5128","24/7/2019 00:00:00","prueba 113",,,
"5129","24/7/2019 00:00:00","prueba 114",,,
"5130","24/7/2019 00:00:00","prueba 115",,,
"5131","24/7/2019 00:00:00","prueba 116",,,
"5132","24/7/2019 00:00:00","prueba 117",,,
"5133","24/7/2019 00:00:00","prueba 118",,,
"5134","24/7/2019 00:00:00","prueba 119",,,
"5135","24/7/2019 00:00:00","prueba 120",,,
"5136","24/7/2019 00:00:00","prueba 121",,,
"5137","24/7/2019 00:00:00","prueba 122",,,
"5138","24/7/2019 00:00:00","prueba 123",,,
"5139","24/7/2019 00:00:00","prueba 124",,,
"5140","24/7/2019 00:00:00","prueba 125",,,
"5141","24/7/2019 00:00:00","prueba 126",,,
"5142","24/7/2019 00:00:00","prueba 127",,,
"5143","24/7/2019 00:00:00","prueba 128",,,
"5144","24/7/2019 00:00:00","prueba 129",,,
"5145","24/7/2019 00:00:00","prueba 130",,,
"5146","24/7/2019 00:00:00","prueba 131",,,
"5147","24/7/2019 00:00:00","prueba 132",,,
"5148","24/7/2019 00:00:00","prueba 133",,,
"5149","24/7/2019 00:00:00","prueba 134",,,
"5150","24/7/2019 00:00:00","prueba 135",,,
"5151","24/7/2019 00:00:00","prueba 136",,,
"5152","24/7/2019 00:00:00","prueba 137",,,
"5153","24/7/2019 00:00:00","prueba 138",,,
"5154","24/7/2019 00:00:00","prueba 139",,,
"5155","24/7/2019 00:00:00","prueba 140",,,
"5156","24/7/2019 00:00:00","prueba 141",,,
"5157","24/7/2019 00:00:00","prueba 142",,,
"5158","24/7/2019 00:00:00","prueba 143",,,
"5159","24/7/2019 00:00:00","prueba 144",,,
"5160","24/7/2019 00:00:00","prueba 145",,,
"5161","24/7/2019 00:00:00","prueba 146",,,
"5162","24/7/2019 00:00:00","prueba 147",,,
"5163","24/7/2019 00:00:00","prueba 148",,,
"5164","24/7/2019 00:00:00","prueba 149",,,
"5165","24/7/2019 00:00:00","prueba 150",,,
"5166","24/7/2019 00:00:00","prueba 151",,,
"5167","24/7/2019 00:00:00","prueba 152",,,
"5168","24/7/2019 00:00:00","prueba 153",,,
"5169","24/7/2019 00:00:00","prueba 154",,,
"5170","24/7/2019 00:00:00","prueba 155",,,
"5171","24/7/2019 00:00:00","prueba 156",,,
"5172","24/7/2019 00:00:00","prueba 157",,,
"5173","24/7/2019 00:00:00","prueba 158",,,
"5174","24/7/2019 00:00:00","prueba 159",,,
"5175","24/7/2019 00:00:00","prueba 160",,,
"5176","24/7/2019 00:00:00","prueba 161",,,
"5177","24/7/2019 00:00:00","prueba 162",,,
"5178","24/7/2019 00:00:00","prueba 163",,,
"5179","24/7/2019 00:00:00","prueba 164",,,
"5180","24/7/2019 00:00:00","prueba 165",,,
"5181","24/7/2019 00:00:00","prueba 166",,,
"5182","24/7/2019 00:00:00","prueba 167",,,
"5183","24/7/2019 00:00:00","prueba 168",,,
"5184","24/7/2019 00:00:00","prueba 169",,,
"5185","24/7/2019 00:00:00","prueba 170",,,
"5186","24/7/2019 00:00:00","prueba 171",,,
"5187","24/7/2019 00:00:00","prueba 172",,,
"5188","24/7/2019 00:00:00","prueba 173",,,
"5189","24/7/2019 00:00:00","prueba 174",,,
"5190","24/7/2019 00:00:00","prueba 175",,,
"5191","24/7/2019 00:00:00","prueba 176",,,
"5192","24/7/2019 00:00:00","prueba 177",,,
"5193","24/7/2019 00:00:00","prueba 178",,,
"5194","24/7/2019 00:00:00","prueba 179",,,
"5195","24/7/2019 00:00:00","prueba 180",,,
"5196","24/7/2019 00:00:00","prueba 181",,,
"5197","24/7/2019 00:00:00","prueba 182",,,
"5198","24/7/2019 00:00:00","prueba 183",,,
"5199","24/7/2019 00:00:00","prueba 184",,,
"5200","24/7/2019 00:00:00","prueba 185",,,
"5201","24/7/2019 00:00:00","prueba 186",,,
"5202","24/7/2019 00:00:00","prueba 187",,,
"5203","24/7/2019 00:00:00","prueba 188",,,
"5204","24/7/2019 00:00:00","prueba 189",,,
"5205","24/7/2019 00:00:00","prueba 190",,,
"5206","24/7/2019 00:00:00","prueba 191",,,
"5207","24/7/2019 00:00:00","prueba 192",,,
"5208","24/7/2019 00:00:00","prueba 193",,,
"5209","24/7/2019 00:00:00","prueba 194",,,
"5210","24/7/2019 00:00:00","prueba 195",,,
"5211","24/7/2019 00:00:00","prueba 196",,,
"5212","24/7/2019 00:00:00","prueba 197",,,
"5213","24/7/2019 00:00:00","prueba 198",,,
"5214","24/7/2019 00:00:00","prueba 199",,,
"5215","24/7/2019 00:00:00","prueba 200",,,
"5216","24/7/2019 00:00:00","prueba 201",,,
"5217","24/7/2019 00:00:00","prueba 202",,,
"5218","24/7/2019 00:00:00","prueba 203",,,
"5219","24/7/2019 00:00:00","prueba 204",,,
"5220","24/7/2019 00:00:00","prueba 205",,,
"5221","24/7/2019 00:00:00","prueba 206",,,
"5222","24/7/2019 00:00:00","prueba 207",,,
"5223","24/7/2019 00:00:00","prueba 208",,,
"5224","24/7/2019 00:00:00","prueba 209",,,
"5225","24/7/2019 00:00:00","prueba 210",,,
"5226","24/7/2019 00:00:00","prueba 211",,,
"5227","24/7/2019 00:00:00","prueba 212",,,
"5228","24/7/2019 00:00:00","prueba 213",,,
"5229","24/7/2019 00:00:00","prueba 214",,,
"5230","24/7/2019 00:00:00","prueba 215",,,
"5231","24/7/2019 00:00:00","prueba 216",,,
"5232","24/7/2019 00:00:00","prueba 217",,,
"5233","24/7/2019 00:00:00","prueba 218",,,
"5234","24/7/2019 00:00:00","prueba 219",,,
"5235","24/7/2019 00:00:00","prueba 220",,,
"5236","24/7/2019 00:00:00","prueba 221",,,
"5237","24/7/2019 00:00:00","prueba 222",,,
"5238","24/7/2019 00:00:00","prueba 223",,,
"5239","24/7/2019 00:00:00","prueba 224",,,
"5240","24/7/2019 00:00:00","prueba 225",,,
"5241","24/7/2019 00:00:00","prueba 226",,,
"5242","24/7/2019 00:00:00","prueba 227",,,
"5243","24/7/2019 00:00:00","prueba 228",,,
"5244","24/7/2019 00:00:00","prueba 229",,,
"5245","24/7/2019 00:00:00","prueba 230",,,
"5246","24/7/2019 00:00:00","prueba 231",,,
"5247","24/7/2019 00:00:00","prueba 232",,,
"5248","24/7/2019 00:00:00","prueba 233",,,
"5249","24/7/2019 00:00:00","prueba 234",,,
"5250","24/7/2019 00:00:00","prueba 235",,,
"5251","24/7/2019 00:00:00","prueba 236",,,
"5252","24/7/2019 00:00:00","prueba 237",,,
"5253","24/7/2019 00:00:00","prueba 238",,,
"5254","24/7/2019 00:00:00","prueba 239",,,
"5255","24/7/2019 00:00:00","prueba 240",,,
"5256","24/7/2019 00:00:00","prueba 241",,,
"5257","24/7/2019 00:00:00","prueba 242",,,
"5258","24/7/2019 00:00:00","prueba 243",,,
"5259","24/7/2019 00:00:00","prueba 244",,,
"5260","24/7/2019 00:00:00","prueba 245",,,
"5261","24/7/2019 00:00:00","prueba 246",,,
"5262","24/7/2019 00:00:00","prueba 247",,,
"5263","24/7/2019 00:00:00","prueba 248",,,
"5264","24/7/2019 00:00:00","prueba 249",,,
"5265","24/7/2019 00:00:00","prueba 250",,,
"5266","24/7/2019 00:00:00","prueba 251",,,
"5267","24/7/2019 00:00:00","prueba 252",,,
"5268","24/7/2019 00:00:00","prueba 253",,,
"5269","24/7/2019 00:00:00","prueba 254",,,
"5270","24/7/2019 00:00:00","prueba 255",,,
"5271","24/7/2019 00:00:00","prueba 256",,,
"5272","24/7/2019 00:00:00","prueba 257",,,
"5273","24/7/2019 00:00:00","prueba 258",,,
"5274","24/7/2019 00:00:00","prueba 259",,,
"5275","24/7/2019 00:00:00","prueba 260",,,
"5276","24/7/2019 00:00:00","prueba 261",,,
"5277","24/7/2019 00:00:00","prueba 262",,,
"5278","24/7/2019 00:00:00","prueba 263",,,
"5279","24/7/2019 00:00:00","prueba 264",,,
"5280","24/7/2019 00:00:00","prueba 265",,,
"5281","24/7/2019 00:00:00","prueba 266",,,
"5282","24/7/2019 00:00:00","prueba 267",,,
"5283","24/7/2019 00:00:00","prueba 268",,,
"5284","24/7/2019 00:00:00","prueba 269",,,
"5285","24/7/2019 00:00:00","prueba 270",,,
"5286","24/7/2019 00:00:00","prueba 271",,,
"5287","24/7/2019 00:00:00","prueba 272",,,
"5288","24/7/2019 00:00:00","prueba 273",,,
"5289","24/7/2019 00:00:00","prueba 274",,,
"5290","24/7/2019 00:00:00","prueba 275",,,
"5291","24/7/2019 00:00:00","prueba 276",,,
"5292","24/7/2019 00:00:00","prueba 277",,,
"5293","24/7/2019 00:00:00","prueba 278",,,
"5294","24/7/2019 00:00:00","prueba 279",,,
"5295","24/7/2019 00:00:00","prueba 280",,,
"5296","24/7/2019 00:00:00","prueba 281",,,
"5297","24/7/2019 00:00:00","prueba 282",,,
"5298","24/7/2019 00:00:00","prueba 283",,,
"5299","24/7/2019 00:00:00","prueba 284",,,
"5300","24/7/2019 00:00:00","prueba 285",,,
"5301","24/7/2019 00:00:00","prueba 286",,,
"5302","24/7/2019 00:00:00","prueba 287",,,
"5303","24/7/2019 00:00:00","prueba 288",,,
"5304","24/7/2019 00:00:00","prueba 289",,,
"5305","24/7/2019 00:00:00","prueba 290",,,
"5306","24/7/2019 00:00:00","prueba 291",,,
"5307","24/7/2019 00:00:00","prueba 292",,,
"5308","24/7/2019 00:00:00","prueba 293",,,
"5309","24/7/2019 00:00:00","prueba 294",,,
"5310","24/7/2019 00:00:00","prueba 295",,,
"5311","24/7/2019 00:00:00","prueba 296",,,
"5312","24/7/2019 00:00:00","prueba 297",,,
"5313","24/7/2019 00:00:00","prueba 298",,,
"5314","24/7/2019 00:00:00","prueba 299",,,
"5315","24/7/2019 00:00:00","prueba 300",,,
"5316","24/7/2019 00:00:00","prueba 301",,,
"5317","24/7/2019 00:00:00","prueba 302",,,
"5318","24/7/2019 00:00:00","prueba 303",,,
"5319","24/7/2019 00:00:00","prueba 304",,,
"5320","24/7/2019 00:00:00","prueba 305",,,
"5321","24/7/2019 00:00:00","prueba 306",,,
"5322","24/7/2019 00:00:00","prueba 307",,,
"5323","24/7/2019 00:00:00","prueba 308",,,
"5324","24/7/2019 00:00:00","prueba 309",,,
"5325","24/7/2019 00:00:00","prueba 310",,,
"5326","24/7/2019 00:00:00","prueba 311",,,
"5327","24/7/2019 00:00:00","prueba 312",,,
"5328","24/7/2019 00:00:00","prueba 313",,,
"5329","24/7/2019 00:00:00","prueba 314",,,
"5330","24/7/2019 00:00:00","prueba 315",,,
"5331","24/7/2019 00:00:00","prueba 316",,,
"5332","24/7/2019 00:00:00","prueba 317",,,
"5333","24/7/2019 00:00:00","prueba 318",,,
"5334","24/7/2019 00:00:00","prueba 319",,,
"5335","24/7/2019 00:00:00","prueba 320",,,
"5336","24/7/2019 00:00:00","prueba 321",,,
"5337","24/7/2019 00:00:00","prueba 322",,,
"5338","24/7/2019 00:00:00","prueba 323",,,
"5339","24/7/2019 00:00:00","prueba 324",,,
"5340","24/7/2019 00:00:00","prueba 325",,,
"5341","24/7/2019 00:00:00","prueba 326",,,
"5342","24/7/2019 00:00:00","prueba 327",,,
"5343","24/7/2019 00:00:00","prueba 328",,,
"5344","24/7/2019 00:00:00","prueba 329",,,
"5345","24/7/2019 00:00:00","prueba 330",,,
"5346","24/7/2019 00:00:00","prueba 331",,,
"5347","24/7/2019 00:00:00","prueba 332",,,
"5348","24/7/2019 00:00:00","prueba 333",,,
"5349","24/7/2019 00:00:00","prueba 334",,,
"5350","24/7/2019 00:00:00","prueba 335",,,
"5351","24/7/2019 00:00:00","prueba 336",,,
"5352","24/7/2019 00:00:00","prueba 337",,,
"5353","24/7/2019 00:00:00","prueba 338",,,
"5354","24/7/2019 00:00:00","prueba 339",,,
"5355","24/7/2019 00:00:00","prueba 340",,,
"5356","24/7/2019 00:00:00","prueba 341",,,
"5357","24/7/2019 00:00:00","prueba 342",,,
"5358","24/7/2019 00:00:00","prueba 343",,,
"5359","24/7/2019 00:00:00","prueba 344",,,
"5360","24/7/2019 00:00:00","prueba 345",,,
"5361","24/7/2019 00:00:00","prueba 346",,,
"5362","24/7/2019 00:00:00","prueba 347",,,
"5363","24/7/2019 00:00:00","prueba 348",,,
"5364","24/7/2019 00:00:00","prueba 349",,,
"5365","24/7/2019 00:00:00","prueba 350",,,
"5366","24/7/2019 00:00:00","prueba 351",,,
"5367","24/7/2019 00:00:00","prueba 352",,,
"5368","24/7/2019 00:00:00","prueba 353",,,
"5369","24/7/2019 00:00:00","prueba 354",,,
"5370","24/7/2019 00:00:00","prueba 355",,,
"5371","24/7/2019 00:00:00","prueba 356",,,
"5372","24/7/2019 00:00:00","prueba 357",,,
"5373","24/7/2019 00:00:00","prueba 358",,,
"5374","24/7/2019 00:00:00","prueba 359",,,
"5375","24/7/2019 00:00:00","prueba 360",,,
"5376","24/7/2019 00:00:00","prueba 361",,,
"5377","24/7/2019 00:00:00","prueba 362",,,
"5378","24/7/2019 00:00:00","prueba 363",,,
"5379","24/7/2019 00:00:00","prueba 364",,,
"5380","24/7/2019 00:00:00","prueba 365",,,
"5381","24/7/2019 00:00:00","prueba 366",,,
"5382","24/7/2019 00:00:00","prueba 367",,,
"5383","24/7/2019 00:00:00","prueba 368",,,
"5384","24/7/2019 00:00:00","prueba 369",,,
"5385","24/7/2019 00:00:00","prueba 370",,,
"5386","24/7/2019 00:00:00","prueba 371",,,
"5387","24/7/2019 00:00:00","prueba 372",,,
"5388","24/7/2019 00:00:00","prueba 373",,,
"5389","24/7/2019 00:00:00","prueba 374",,,
"5390","24/7/2019 00:00:00","prueba 375",,,
"5391","24/7/2019 00:00:00","prueba 376",,,
"5392","24/7/2019 00:00:00","prueba 377",,,
"5393","24/7/2019 00:00:00","prueba 378",,,
"5394","24/7/2019 00:00:00","prueba 379",,,
"5395","24/7/2019 00:00:00","prueba 380",,,
"5396","24/7/2019 00:00:00","prueba 381",,,
"5397","24/7/2019 00:00:00","prueba 382",,,
"5398","24/7/2019 00:00:00","prueba 383",,,
"5399","24/7/2019 00:00:00","prueba 384",,,
"5400","24/7/2019 00:00:00","prueba 385",,,
"5401","24/7/2019 00:00:00","prueba 386",,,
"5402","24/7/2019 00:00:00","prueba 387",,,
"5403","24/7/2019 00:00:00","prueba 388",,,
"5404","24/7/2019 00:00:00","prueba 389",,,
"5405","24/7/2019 00:00:00","prueba 390",,,
"5406","24/7/2019 00:00:00","prueba 391",,,
"5407","24/7/2019 00:00:00","prueba 392",,,
"5408","24/7/2019 00:00:00","prueba 393",,,
"5409","24/7/2019 00:00:00","prueba 394",,,
"5410","24/7/2019 00:00:00","prueba 395",,,
"5411","24/7/2019 00:00:00","prueba 396",,,
"5412","24/7/2019 00:00:00","prueba 397",,,
"5413","24/7/2019 00:00:00","prueba 398",,,
"5414","24/7/2019 00:00:00","prueba 399",,,
"5415","24/7/2019 00:00:00","prueba 400",,,
"5416","24/7/2019 00:00:00","prueba 401",,,
"5417","24/7/2019 00:00:00","prueba 402",,,
"5418","24/7/2019 00:00:00","prueba 403",,,
"5419","24/7/2019 00:00:00","prueba 404",,,
"5420","24/7/2019 00:00:00","prueba 405",,,
"5421","24/7/2019 00:00:00","prueba 406",,,
"5422","24/7/2019 00:00:00","prueba 407",,,
"5423","24/7/2019 00:00:00","prueba 408",,,
"5424","24/7/2019 00:00:00","prueba 409",,,
"5425","24/7/2019 00:00:00","prueba 410",,,
"5426","24/7/2019 00:00:00","prueba 411",,,
"5427","24/7/2019 00:00:00","prueba 412",,,
"5428","24/7/2019 00:00:00","prueba 413",,,
"5429","24/7/2019 00:00:00","prueba 414",,,
"5430","24/7/2019 00:00:00","prueba 415",,,
"5431","24/7/2019 00:00:00","prueba 416",,,
"5432","24/7/2019 00:00:00","prueba 417",,,
"5433","24/7/2019 00:00:00","prueba 418",,,
"5434","24/7/2019 00:00:00","prueba 419",,,
"5435","24/7/2019 00:00:00","prueba 420",,,
"5436","24/7/2019 00:00:00","prueba 421",,,
"5437","24/7/2019 00:00:00","prueba 422",,,
"5438","24/7/2019 00:00:00","prueba 423",,,
"5439","24/7/2019 00:00:00","prueba 424",,,
"5440","24/7/2019 00:00:00","prueba 425",,,
"5441","24/7/2019 00:00:00","prueba 426",,,
"5442","24/7/2019 00:00:00","prueba 427",,,
"5443","24/7/2019 00:00:00","prueba 428",,,
"5444","24/7/2019 00:00:00","prueba 429",,,
"5445","24/7/2019 00:00:00","prueba 430",,,
"5446","24/7/2019 00:00:00","prueba 431",,,
"5447","24/7/2019 00:00:00","prueba 432",,,
"5448","24/7/2019 00:00:00","prueba 433",,,
"5449","24/7/2019 00:00:00","prueba 434",,,
"5450","24/7/2019 00:00:00","prueba 435",,,
"5451","24/7/2019 00:00:00","prueba 436",,,
"5452","24/7/2019 00:00:00","prueba 437",,,
"5453","24/7/2019 00:00:00","prueba 438",,,
"5454","24/7/2019 00:00:00","prueba 439",,,
"5455","24/7/2019 00:00:00","prueba 440",,,
"5456","24/7/2019 00:00:00","prueba 441",,,
"5457","24/7/2019 00:00:00","prueba 442",,,
"5458","24/7/2019 00:00:00","prueba 443",,,
"5459","24/7/2019 00:00:00","prueba 444",,,
"5460","24/7/2019 00:00:00","prueba 445",,,
"5461","24/7/2019 00:00:00","prueba 446",,,
"5462","24/7/2019 00:00:00","prueba 447",,,
"5463","24/7/2019 00:00:00","prueba 448",,,
"5464","24/7/2019 00:00:00","prueba 449",,,
"5465","24/7/2019 00:00:00","prueba 450",,,
"5466","24/7/2019 00:00:00","prueba 451",,,
"5467","24/7/2019 00:00:00","prueba 452",,,
"5468","24/7/2019 00:00:00","prueba 453",,,
"5469","24/7/2019 00:00:00","prueba 454",,,
"5470","24/7/2019 00:00:00","prueba 455",,,
"5471","24/7/2019 00:00:00","prueba 456",,,
"5472","24/7/2019 00:00:00","prueba 457",,,
"5473","24/7/2019 00:00:00","prueba 458",,,
"5474","24/7/2019 00:00:00","prueba 459",,,
"5475","24/7/2019 00:00:00","prueba 460",,,
"5476","24/7/2019 00:00:00","prueba 461",,,
"5477","24/7/2019 00:00:00","prueba 462",,,
"5478","24/7/2019 00:00:00","prueba 463",,,
"5479","24/7/2019 00:00:00","prueba 464",,,
"5480","24/7/2019 00:00:00","prueba 465",,,
"5481","24/7/2019 00:00:00","prueba 466",,,
"5482","24/7/2019 00:00:00","prueba 467",,,
"5483","24/7/2019 00:00:00","prueba 468",,,
"5484","24/7/2019 00:00:00","prueba 469",,,
"5485","24/7/2019 00:00:00","prueba 470",,,
"5486","24/7/2019 00:00:00","prueba 471",,,
"5487","24/7/2019 00:00:00","prueba 472",,,
"5488","24/7/2019 00:00:00","prueba 473",,,
"5489","24/7/2019 00:00:00","prueba 474",,,
"5490","24/7/2019 00:00:00","prueba 475",,,
"5491","24/7/2019 00:00:00","prueba 476",,,
"5492","24/7/2019 00:00:00","prueba 477",,,
"5493","24/7/2019 00:00:00","prueba 478",,,
"5494","24/7/2019 00:00:00","prueba 479",,,
"5495","24/7/2019 00:00:00","prueba 480",,,
"5496","24/7/2019 00:00:00","prueba 481",,,
"5497","24/7/2019 00:00:00","prueba 482",,,
"5498","24/7/2019 00:00:00","prueba 483",,,
"5499","24/7/2019 00:00:00","prueba 484",,,
"5500","24/7/2019 00:00:00","prueba 485",,,
"5501","24/7/2019 00:00:00","prueba 486",,,
"5502","24/7/2019 00:00:00","prueba 487",,,
"5503","24/7/2019 00:00:00","prueba 488",,,
"5504","24/7/2019 00:00:00","prueba 489",,,
"5505","24/7/2019 00:00:00","prueba 490",,,
"5506","24/7/2019 00:00:00","prueba 491",,,
"5507","24/7/2019 00:00:00","prueba 492",,,
"5508","24/7/2019 00:00:00","prueba 493",,,
"5509","24/7/2019 00:00:00","prueba 494",,,
"5510","24/7/2019 00:00:00","prueba 495",,,
"5511","24/7/2019 00:00:00","prueba 496",,,
"5512","24/7/2019 00:00:00","prueba 497",,,
"5513","24/7/2019 00:00:00","prueba 498",,,
"5514","24/7/2019 00:00:00","prueba 499",,,
"5515","24/7/2019 00:00:00","prueba 500",,,
"5516","24/7/2019 00:00:00","prueba 501",,,
"5517","24/7/2019 00:00:00","prueba 502",,,
"5518","24/7/2019 00:00:00","prueba 503",,,
"5519","24/7/2019 00:00:00","prueba 504",,,
"5520","24/7/2019 00:00:00","prueba 505",,,
"5521","24/7/2019 00:00:00","prueba 506",,,
"5522","24/7/2019 00:00:00","prueba 507",,,
"5523","24/7/2019 00:00:00","prueba 508",,,
"5524","24/7/2019 00:00:00","prueba 509",,,
"5525","24/7/2019 00:00:00","prueba 510",,,
"5526","24/7/2019 00:00:00","prueba 511",,,
"5527","24/7/2019 00:00:00","prueba 512",,,
"5528","24/7/2019 00:00:00","prueba 513",,,
"5529","24/7/2019 00:00:00","prueba 514",,,
"5530","24/7/2019 00:00:00","prueba 515",,,
"5531","24/7/2019 00:00:00","prueba 516",,,
"5532","24/7/2019 00:00:00","prueba 517",,,
"5533","24/7/2019 00:00:00","prueba 518",,,
"5534","24/7/2019 00:00:00","prueba 519",,,
"5535","24/7/2019 00:00:00","prueba 520",,,
"5536","24/7/2019 00:00:00","prueba 521",,,
"5537","24/7/2019 00:00:00","prueba 522",,,
"5538","24/7/2019 00:00:00","prueba 523",,,
"5539","24/7/2019 00:00:00","prueba 524",,,
"5540","24/7/2019 00:00:00","prueba 525",,,
"5541","24/7/2019 00:00:00","prueba 526",,,
"5542","24/7/2019 00:00:00","prueba 527",,,
"5543","24/7/2019 00:00:00","prueba 528",,,
"5544","24/7/2019 00:00:00","prueba 529",,,
"5545","24/7/2019 00:00:00","prueba 530",,,
"5546","24/7/2019 00:00:00","prueba 531",,,
"5547","24/7/2019 00:00:00","prueba 532",,,
"5548","24/7/2019 00:00:00","prueba 533",,,
"5549","24/7/2019 00:00:00","prueba 534",,,
"5550","24/7/2019 00:00:00","prueba 535",,,
"5551","24/7/2019 00:00:00","prueba 536",,,
"5552","24/7/2019 00:00:00","prueba 537",,,
"5553","24/7/2019 00:00:00","prueba 538",,,
"5554","24/7/2019 00:00:00","prueba 539",,,
"5555","24/7/2019 00:00:00","prueba 540",,,
"5556","24/7/2019 00:00:00","prueba 541",,,
"5557","24/7/2019 00:00:00","prueba 542",,,
"5558","24/7/2019 00:00:00","prueba 543",,,
"5559","24/7/2019 00:00:00","prueba 544",,,
"5560","24/7/2019 00:00:00","prueba 545",,,
"5561","24/7/2019 00:00:00","prueba 546",,,
"5562","24/7/2019 00:00:00","prueba 547",,,
"5563","24/7/2019 00:00:00","prueba 548",,,
"5564","24/7/2019 00:00:00","prueba 549",,,
"5565","24/7/2019 00:00:00","prueba 550",,,
"5566","24/7/2019 00:00:00","prueba 551",,,
"5567","24/7/2019 00:00:00","prueba 552",,,
"5568","24/7/2019 00:00:00","prueba 553",,,
"5569","24/7/2019 00:00:00","prueba 554",,,
"5570","24/7/2019 00:00:00","prueba 555",,,
"5571","24/7/2019 00:00:00","prueba 556",,,
"5572","24/7/2019 00:00:00","prueba 557",,,
"5573","24/7/2019 00:00:00","prueba 558",,,
"5574","24/7/2019 00:00:00","prueba 559",,,
"5575","24/7/2019 00:00:00","prueba 560",,,
"5576","24/7/2019 00:00:00","prueba 561",,,
"5577","24/7/2019 00:00:00","prueba 562",,,
"5578","24/7/2019 00:00:00","prueba 563",,,
"5579","24/7/2019 00:00:00","prueba 564",,,
"5580","24/7/2019 00:00:00","prueba 565",,,
"5581","24/7/2019 00:00:00","prueba 566",,,
"5582","24/7/2019 00:00:00","prueba 567",,,
"5583","24/7/2019 00:00:00","prueba 568",,,
"5584","24/7/2019 00:00:00","prueba 569",,,
"5585","24/7/2019 00:00:00","prueba 570",,,
"5586","24/7/2019 00:00:00","prueba 571",,,
"5587","24/7/2019 00:00:00","prueba 572",,,
"5588","24/7/2019 00:00:00","prueba 573",,,
"5589","24/7/2019 00:00:00","prueba 574",,,
"5590","24/7/2019 00:00:00","prueba 575",,,
"5591","24/7/2019 00:00:00","prueba 576",,,
"5592","24/7/2019 00:00:00","prueba 577",,,
"5593","24/7/2019 00:00:00","prueba 578",,,
"5594","24/7/2019 00:00:00","prueba 579",,,
"5595","24/7/2019 00:00:00","prueba 580",,,
"5596","24/7/2019 00:00:00","prueba 581",,,
"5597","24/7/2019 00:00:00","prueba 582",,,
"5598","24/7/2019 00:00:00","prueba 583",,,
"5599","24/7/2019 00:00:00","prueba 584",,,
"5600","24/7/2019 00:00:00","prueba 585",,,
"5601","24/7/2019 00:00:00","prueba 586",,,
"5602","24/7/2019 00:00:00","prueba 587",,,
"5603","24/7/2019 00:00:00","prueba 588",,,
"5604","24/7/2019 00:00:00","prueba 589",,,
"5605","24/7/2019 00:00:00","prueba 590",,,
"5606","24/7/2019 00:00:00","prueba 591",,,
"5607","24/7/2019 00:00:00","prueba 592",,,
"5608","24/7/2019 00:00:00","prueba 593",,,
"5609","24/7/2019 00:00:00","prueba 594",,,
"5610","24/7/2019 00:00:00","prueba 595",,,
"5611","24/7/2019 00:00:00","prueba 596",,,
"5612","24/7/2019 00:00:00","prueba 597",,,
"5613","24/7/2019 00:00:00","prueba 598",,,
"5614","24/7/2019 00:00:00","prueba 599",,,
"5615","24/7/2019 00:00:00","prueba 600",,,
"5616","24/7/2019 00:00:00","prueba 601",,,
"5617","24/7/2019 00:00:00","prueba 602",,,
"5618","24/7/2019 00:00:00","prueba 603",,,
"5619","24/7/2019 00:00:00","prueba 604",,,
"5620","24/7/2019 00:00:00","prueba 605",,,
"5621","24/7/2019 00:00:00","prueba 606",,,
"5622","24/7/2019 00:00:00","prueba 607",,,
"5623","24/7/2019 00:00:00","prueba 608",,,
"5624","24/7/2019 00:00:00","prueba 609",,,
"5625","24/7/2019 00:00:00","prueba 610",,,
"5626","24/7/2019 00:00:00","prueba 611",,,
"5627","24/7/2019 00:00:00","prueba 612",,,
"5628","24/7/2019 00:00:00","prueba 613",,,
"5629","24/7/2019 00:00:00","prueba 614",,,
"5630","24/7/2019 00:00:00","prueba 615",,,
"5631","24/7/2019 00:00:00","prueba 616",,,
"5632","24/7/2019 00:00:00","prueba 617",,,
"5633","24/7/2019 00:00:00","prueba 618",,,
"5634","24/7/2019 00:00:00","prueba 619",,,
"5635","24/7/2019 00:00:00","prueba 620",,,
"5636","24/7/2019 00:00:00","prueba 621",,,
"5637","24/7/2019 00:00:00","prueba 622",,,
"5638","24/7/2019 00:00:00","prueba 623",,,
"5639","24/7/2019 00:00:00","prueba 624",,,
"5640","24/7/2019 00:00:00","prueba 625",,,
"5641","24/7/2019 00:00:00","prueba 626",,,
"5642","24/7/2019 00:00:00","prueba 627",,,
"5643","24/7/2019 00:00:00","prueba 628",,,
"5644","24/7/2019 00:00:00","prueba 629",,,
"5645","24/7/2019 00:00:00","prueba 630",,,
"5646","24/7/2019 00:00:00","prueba 631",,,
"5647","24/7/2019 00:00:00","prueba 632",,,
"5648","24/7/2019 00:00:00","prueba 633",,,
"5649","24/7/2019 00:00:00","prueba 634",,,
"5650","24/7/2019 00:00:00","prueba 635",,,
"5651","24/7/2019 00:00:00","prueba 636",,,
"5652","24/7/2019 00:00:00","prueba 637",,,
"5653","24/7/2019 00:00:00","prueba 638",,,
"5654","24/7/2019 00:00:00","prueba 639",,,
"5655","24/7/2019 00:00:00","prueba 640",,,
"5656","24/7/2019 00:00:00","prueba 641",,,
"5657","24/7/2019 00:00:00","prueba 642",,,
"5658","24/7/2019 00:00:00","prueba 643",,,
"5659","24/7/2019 00:00:00","prueba 644",,,
"5660","24/7/2019 00:00:00","prueba 645",,,
"5661","24/7/2019 00:00:00","prueba 646",,,
"5662","24/7/2019 00:00:00","prueba 647",,,
"5663","24/7/2019 00:00:00","prueba 648",,,
"5664","24/7/2019 00:00:00","prueba 649",,,
"5665","24/7/2019 00:00:00","prueba 650",,,
"5666","24/7/2019 00:00:00","prueba 651",,,
"5667","24/7/2019 00:00:00","prueba 652",,,
"5668","24/7/2019 00:00:00","prueba 653",,,
"5669","24/7/2019 00:00:00","prueba 654",,,
"5670","24/7/2019 00:00:00","prueba 655",,,
"5671","24/7/2019 00:00:00","prueba 656",,,
"5672","24/7/2019 00:00:00","prueba 657",,,
"5673","24/7/2019 00:00:00","prueba 658",,,
"5674","24/7/2019 00:00:00","prueba 659",,,
"5675","24/7/2019 00:00:00","prueba 660",,,
"5676","24/7/2019 00:00:00","prueba 661",,,
"5677","24/7/2019 00:00:00","prueba 662",,,
"5678","24/7/2019 00:00:00","prueba 663",,,
"5679","24/7/2019 00:00:00","prueba 664",,,
"5680","24/7/2019 00:00:00","prueba 665",,,
"5681","24/7/2019 00:00:00","prueba 666",,,
"5682","24/7/2019 00:00:00","prueba 667",,,
"5683","24/7/2019 00:00:00","prueba 668",,,
"5684","24/7/2019 00:00:00","prueba 669",,,
"5685","24/7/2019 00:00:00","prueba 670",,,
"5686","24/7/2019 00:00:00","prueba 671",,,
"5687","24/7/2019 00:00:00","prueba 672",,,
"5688","24/7/2019 00:00:00","prueba 673",,,
"5689","24/7/2019 00:00:00","prueba 674",,,
"5690","24/7/2019 00:00:00","prueba 675",,,
"5691","24/7/2019 00:00:00","prueba 676",,,
"5692","24/7/2019 00:00:00","prueba 677",,,
"5693","24/7/2019 00:00:00","prueba 678",,,
"5694","24/7/2019 00:00:00","prueba 679",,,
"5695","24/7/2019 00:00:00","prueba 680",,,
"5696","24/7/2019 00:00:00","prueba 681",,,
"5697","24/7/2019 00:00:00","prueba 682",,,
"5698","24/7/2019 00:00:00","prueba 683",,,
"5699","24/7/2019 00:00:00","prueba 684",,,
"5700","24/7/2019 00:00:00","prueba 685",,,
"5701","24/7/2019 00:00:00","prueba 686",,,
"5702","24/7/2019 00:00:00","prueba 687",,,
"5703","24/7/2019 00:00:00","prueba 688",,,
"5704","24/7/2019 00:00:00","prueba 689",,,
"5705","24/7/2019 00:00:00","prueba 690",,,
"5706","24/7/2019 00:00:00","prueba 691",,,
"5707","24/7/2019 00:00:00","prueba 692",,,
"5708","24/7/2019 00:00:00","prueba 693",,,
"5709","24/7/2019 00:00:00","prueba 694",,,
"5710","24/7/2019 00:00:00","prueba 695",,,
"5711","24/7/2019 00:00:00","prueba 696",,,
"5712","24/7/2019 00:00:00","prueba 697",,,
"5713","24/7/2019 00:00:00","prueba 698",,,
"5714","24/7/2019 00:00:00","prueba 699",,,
"5715","24/7/2019 00:00:00","prueba 700",,,
"5716","24/7/2019 00:00:00","prueba 701",,,
"5717","24/7/2019 00:00:00","prueba 702",,,
"5718","24/7/2019 00:00:00","prueba 703",,,
"5719","24/7/2019 00:00:00","prueba 704",,,
"5720","24/7/2019 00:00:00","prueba 705",,,
"5721","24/7/2019 00:00:00","prueba 706",,,
"5722","24/7/2019 00:00:00","prueba 707",,,
"5723","24/7/2019 00:00:00","prueba 708",,,
"5724","24/7/2019 00:00:00","prueba 709",,,
"5725","24/7/2019 00:00:00","prueba 710",,,
"5726","24/7/2019 00:00:00","prueba 711",,,
"5727","24/7/2019 00:00:00","prueba 712",,,
"5728","24/7/2019 00:00:00","prueba 713",,,
"5729","24/7/2019 00:00:00","prueba 714",,,
"5730","24/7/2019 00:00:00","prueba 715",,,
"5731","24/7/2019 00:00:00","prueba 716",,,
"5732","24/7/2019 00:00:00","prueba 717",,,
"5733","24/7/2019 00:00:00","prueba 718",,,
"5734","24/7/2019 00:00:00","prueba 719",,,
"5735","24/7/2019 00:00:00","prueba 720",,,
"5736","24/7/2019 00:00:00","prueba 721",,,
"5737","24/7/2019 00:00:00","prueba 722",,,
"5738","24/7/2019 00:00:00","prueba 723",,,
"5739","24/7/2019 00:00:00","prueba 724",,,
"5740","24/7/2019 00:00:00","prueba 725",,,
"5741","24/7/2019 00:00:00","prueba 726",,,
"5742","24/7/2019 00:00:00","prueba 727",,,
"5743","24/7/2019 00:00:00","prueba 728",,,
"5744","24/7/2019 00:00:00","prueba 729",,,
"5745","24/7/2019 00:00:00","prueba 730",,,
"5746","24/7/2019 00:00:00","prueba 731",,,
"5747","24/7/2019 00:00:00","prueba 732",,,
"5748","24/7/2019 00:00:00","prueba 733",,,
"5749","24/7/2019 00:00:00","prueba 734",,,
"5750","24/7/2019 00:00:00","prueba 735",,,
"5751","24/7/2019 00:00:00","prueba 736",,,
"5752","24/7/2019 00:00:00","prueba 737",,,
"5753","24/7/2019 00:00:00","prueba 738",,,
"5754","24/7/2019 00:00:00","prueba 739",,,
"5755","24/7/2019 00:00:00","prueba 740",,,
"5756","24/7/2019 00:00:00","prueba 741",,,
"5757","24/7/2019 00:00:00","prueba 742",,,
"5758","24/7/2019 00:00:00","prueba 743",,,
"5759","24/7/2019 00:00:00","prueba 744",,,
"5760","24/7/2019 00:00:00","prueba 745",,,
"5761","24/7/2019 00:00:00","prueba 746",,,
"5762","24/7/2019 00:00:00","prueba 747",,,
"5763","24/7/2019 00:00:00","prueba 748",,,
"5764","24/7/2019 00:00:00","prueba 749",,,
"5765","24/7/2019 00:00:00","prueba 750",,,
"5766","24/7/2019 00:00:00","prueba 751",,,
"5767","24/7/2019 00:00:00","prueba 752",,,
"5768","24/7/2019 00:00:00","prueba 753",,,
"5769","24/7/2019 00:00:00","prueba 754",,,
"5770","24/7/2019 00:00:00","prueba 755",,,
"5771","24/7/2019 00:00:00","prueba 756",,,
"5772","24/7/2019 00:00:00","prueba 757",,,
"5773","24/7/2019 00:00:00","prueba 758",,,
"5774","24/7/2019 00:00:00","prueba 759",,,
"5775","24/7/2019 00:00:00","prueba 760",,,
"5776","24/7/2019 00:00:00","prueba 761",,,
"5777","24/7/2019 00:00:00","prueba 762",,,
"5778","24/7/2019 00:00:00","prueba 763",,,
"5779","24/7/2019 00:00:00","prueba 764",,,
"5780","24/7/2019 00:00:00","prueba 765",,,
"5781","24/7/2019 00:00:00","prueba 766",,,
"5782","24/7/2019 00:00:00","prueba 767",,,
"5783","24/7/2019 00:00:00","prueba 768",,,
"5784","24/7/2019 00:00:00","prueba 769",,,
"5785","24/7/2019 00:00:00","prueba 770",,,
"5786","24/7/2019 00:00:00","prueba 771",,,
"5787","24/7/2019 00:00:00","prueba 772",,,
"5788","24/7/2019 00:00:00","prueba 773",,,
"5789","24/7/2019 00:00:00","prueba 774",,,
"5790","24/7/2019 00:00:00","prueba 775",,,
"5791","24/7/2019 00:00:00","prueba 776",,,
"5792","24/7/2019 00:00:00","prueba 777",,,
"5793","24/7/2019 00:00:00","prueba 778",,,
"5794","24/7/2019 00:00:00","prueba 779",,,
"5795","24/7/2019 00:00:00","prueba 780",,,
"5796","24/7/2019 00:00:00","prueba 781",,,
"5797","24/7/2019 00:00:00","prueba 782",,,
"5798","24/7/2019 00:00:00","prueba 783",,,
"5799","24/7/2019 00:00:00","prueba 784",,,
"5800","24/7/2019 00:00:00","prueba 785",,,
"5801","24/7/2019 00:00:00","prueba 786",,,
"5802","24/7/2019 00:00:00","prueba 787",,,
"5803","24/7/2019 00:00:00","prueba 788",,,
"5804","24/7/2019 00:00:00","prueba 789",,,
"5805","24/7/2019 00:00:00","prueba 790",,,
"5806","24/7/2019 00:00:00","prueba 791",,,
"5807","24/7/2019 00:00:00","prueba 792",,,
"5808","24/7/2019 00:00:00","prueba 793",,,
"5809","24/7/2019 00:00:00","prueba 794",,,
"5810","24/7/2019 00:00:00","prueba 795",,,
"5811","24/7/2019 00:00:00","prueba 796",,,
"5812","24/7/2019 00:00:00","prueba 797",,,
"5813","24/7/2019 00:00:00","prueba 798",,,
"5814","24/7/2019 00:00:00","prueba 799",,,
"5815","24/7/2019 00:00:00","prueba 800",,,
"5816","24/7/2019 00:00:00","prueba 801",,,
"5817","24/7/2019 00:00:00","prueba 802",,,
"5818","24/7/2019 00:00:00","prueba 803",,,
"5819","24/7/2019 00:00:00","prueba 804",,,
"5820","24/7/2019 00:00:00","prueba 805",,,
"5821","24/7/2019 00:00:00","prueba 806",,,
"5822","24/7/2019 00:00:00","prueba 807",,,
"5823","24/7/2019 00:00:00","prueba 808",,,
"5824","24/7/2019 00:00:00","prueba 809",,,
"5825","24/7/2019 00:00:00","prueba 810",,,
"5826","24/7/2019 00:00:00","prueba 811",,,
"5827","24/7/2019 00:00:00","prueba 812",,,
"5828","24/7/2019 00:00:00","prueba 813",,,
"5829","24/7/2019 00:00:00","prueba 814",,,
"5830","24/7/2019 00:00:00","prueba 815",,,
"5831","24/7/2019 00:00:00","prueba 816",,,
"5832","24/7/2019 00:00:00","prueba 817",,,
"5833","24/7/2019 00:00:00","prueba 818",,,
"5834","24/7/2019 00:00:00","prueba 819",,,
"5835","24/7/2019 00:00:00","prueba 820",,,
"5836","24/7/2019 00:00:00","prueba 821",,,
"5837","24/7/2019 00:00:00","prueba 822",,,
"5838","24/7/2019 00:00:00","prueba 823",,,
"5839","24/7/2019 00:00:00","prueba 824",,,
"5840","24/7/2019 00:00:00","prueba 825",,,
"5841","24/7/2019 00:00:00","prueba 826",,,
"5842","24/7/2019 00:00:00","prueba 827",,,
"5843","24/7/2019 00:00:00","prueba 828",,,
"5844","24/7/2019 00:00:00","prueba 829",,,
"5845","24/7/2019 00:00:00","prueba 830",,,
"5846","24/7/2019 00:00:00","prueba 831",,,
"5847","24/7/2019 00:00:00","prueba 832",,,
"5848","24/7/2019 00:00:00","prueba 833",,,
"5849","24/7/2019 00:00:00","prueba 834",,,
"5850","24/7/2019 00:00:00","prueba 835",,,
"5851","24/7/2019 00:00:00","prueba 836",,,
"5852","24/7/2019 00:00:00","prueba 837",,,
"5853","24/7/2019 00:00:00","prueba 838",,,
"5854","24/7/2019 00:00:00","prueba 839",,,
"5855","24/7/2019 00:00:00","prueba 840",,,
"5856","24/7/2019 00:00:00","prueba 841",,,
"5857","24/7/2019 00:00:00","prueba 842",,,
"5858","24/7/2019 00:00:00","prueba 843",,,
"5859","24/7/2019 00:00:00","prueba 844",,,
"5860","24/7/2019 00:00:00","prueba 845",,,
"5861","24/7/2019 00:00:00","prueba 846",,,
"5862","24/7/2019 00:00:00","prueba 847",,,
"5863","24/7/2019 00:00:00","prueba 848",,,
"5864","24/7/2019 00:00:00","prueba 849",,,
"5865","24/7/2019 00:00:00","prueba 850",,,
"5866","24/7/2019 00:00:00","prueba 851",,,
"5867","24/7/2019 00:00:00","prueba 852",,,
"5868","24/7/2019 00:00:00","prueba 853",,,
"5869","24/7/2019 00:00:00","prueba 854",,,
"5870","24/7/2019 00:00:00","prueba 855",,,
"5871","24/7/2019 00:00:00","prueba 856",,,
"5872","24/7/2019 00:00:00","prueba 857",,,
"5873","24/7/2019 00:00:00","prueba 858",,,
"5874","24/7/2019 00:00:00","prueba 859",,,
"5875","24/7/2019 00:00:00","prueba 860",,,
"5876","24/7/2019 00:00:00","prueba 861",,,
"5877","24/7/2019 00:00:00","prueba 862",,,
"5878","24/7/2019 00:00:00","prueba 863",,,
"5879","24/7/2019 00:00:00","prueba 864",,,
"5880","24/7/2019 00:00:00","prueba 865",,,
"5881","24/7/2019 00:00:00","prueba 866",,,
"5882","24/7/2019 00:00:00","prueba 867",,,
"5883","24/7/2019 00:00:00","prueba 868",,,
"5884","24/7/2019 00:00:00","prueba 869",,,
"5885","24/7/2019 00:00:00","prueba 870",,,
"5886","24/7/2019 00:00:00","prueba 871",,,
"5887","24/7/2019 00:00:00","prueba 872",,,
"5888","24/7/2019 00:00:00","prueba 873",,,
"5889","24/7/2019 00:00:00","prueba 874",,,
"5890","24/7/2019 00:00:00","prueba 875",,,
"5891","24/7/2019 00:00:00","prueba 876",,,
"5892","24/7/2019 00:00:00","prueba 877",,,
"5893","24/7/2019 00:00:00","prueba 878",,,
"5894","24/7/2019 00:00:00","prueba 879",,,
"5895","24/7/2019 00:00:00","prueba 880",,,
"5896","24/7/2019 00:00:00","prueba 881",,,
"5897","24/7/2019 00:00:00","prueba 882",,,
"5898","24/7/2019 00:00:00","prueba 883",,,
"5899","24/7/2019 00:00:00","prueba 884",,,
"5900","24/7/2019 00:00:00","prueba 885",,,
"5901","24/7/2019 00:00:00","prueba 886",,,
"5902","24/7/2019 00:00:00","prueba 887",,,
"5903","24/7/2019 00:00:00","prueba 888",,,
"5904","24/7/2019 00:00:00","prueba 889",,,
"5905","24/7/2019 00:00:00","prueba 890",,,
"5906","24/7/2019 00:00:00","prueba 891",,,
"5907","24/7/2019 00:00:00","prueba 892",,,
"5908","24/7/2019 00:00:00","prueba 893",,,
"5909","24/7/2019 00:00:00","prueba 894",,,
"5910","24/7/2019 00:00:00","prueba 895",,,
"5911","24/7/2019 00:00:00","prueba 896",,,
"5912","24/7/2019 00:00:00","prueba 897",,,
"5913","24/7/2019 00:00:00","prueba 898",,,
"5914","24/7/2019 00:00:00","prueba 899",,,
"5915","24/7/2019 00:00:00","prueba 900",,,
"5916","24/7/2019 00:00:00","prueba 901",,,
"5917","24/7/2019 00:00:00","prueba 902",,,
"5918","24/7/2019 00:00:00","prueba 903",,,
"5919","24/7/2019 00:00:00","prueba 904",,,
"5920","24/7/2019 00:00:00","prueba 905",,,
"5921","24/7/2019 00:00:00","prueba 906",,,
"5922","24/7/2019 00:00:00","prueba 907",,,
"5923","24/7/2019 00:00:00","prueba 908",,,
"5924","24/7/2019 00:00:00","prueba 909",,,
"5925","24/7/2019 00:00:00","prueba 910",,,
"5926","24/7/2019 00:00:00","prueba 911",,,
"5927","24/7/2019 00:00:00","prueba 912",,,
"5928","24/7/2019 00:00:00","prueba 913",,,
"5929","24/7/2019 00:00:00","prueba 914",,,
"5930","24/7/2019 00:00:00","prueba 915",,,
"5931","24/7/2019 00:00:00","prueba 916",,,
"5932","24/7/2019 00:00:00","prueba 917",,,
"5933","24/7/2019 00:00:00","prueba 918",,,
"5934","24/7/2019 00:00:00","prueba 919",,,
"5935","24/7/2019 00:00:00","prueba 920",,,
"5936","24/7/2019 00:00:00","prueba 921",,,
"5937","24/7/2019 00:00:00","prueba 922",,,
"5938","24/7/2019 00:00:00","prueba 923",,,
"5939","24/7/2019 00:00:00","prueba 924",,,
"5940","24/7/2019 00:00:00","prueba 925",,,
"5941","24/7/2019 00:00:00","prueba 926",,,
"5942","24/7/2019 00:00:00","prueba 927",,,
"5943","24/7/2019 00:00:00","prueba 928",,,
"5944","24/7/2019 00:00:00","prueba 929",,,
"5945","24/7/2019 00:00:00","prueba 930",,,
"5946","24/7/2019 00:00:00","prueba 931",,,
"5947","24/7/2019 00:00:00","prueba 932",,,
"5948","24/7/2019 00:00:00","prueba 933",,,
"5949","24/7/2019 00:00:00","prueba 934",,,
"5950","24/7/2019 00:00:00","prueba 935",,,
"5951","24/7/2019 00:00:00","prueba 936",,,
"5952","24/7/2019 00:00:00","prueba 937",,,
"5953","24/7/2019 00:00:00","prueba 938",,,
"5954","24/7/2019 00:00:00","prueba 939",,,
"5955","24/7/2019 00:00:00","prueba 940",,,
"5956","24/7/2019 00:00:00","prueba 941",,,
"5957","24/7/2019 00:00:00","prueba 942",,,
"5958","24/7/2019 00:00:00","prueba 943",,,
"5959","24/7/2019 00:00:00","prueba 944",,,
"5960","24/7/2019 00:00:00","prueba 945",,,
"5961","24/7/2019 00:00:00","prueba 946",,,
"5962","24/7/2019 00:00:00","prueba 947",,,
"5963","24/7/2019 00:00:00","prueba 948",,,
"5964","24/7/2019 00:00:00","prueba 949",,,
"5965","24/7/2019 00:00:00","prueba 950",,,
"5966","24/7/2019 00:00:00","prueba 951",,,
"5967","24/7/2019 00:00:00","prueba 952",,,
"5968","24/7/2019 00:00:00","prueba 953",,,
"5969","24/7/2019 00:00:00","prueba 954",,,
"5970","24/7/2019 00:00:00","prueba 955",,,
"5971","24/7/2019 00:00:00","prueba 956",,,
"5972","24/7/2019 00:00:00","prueba 957",,,
"5973","24/7/2019 00:00:00","prueba 958",,,
"5974","24/7/2019 00:00:00","prueba 959",,,
"5975","24/7/2019 00:00:00","prueba 960",,,
"5976","24/7/2019 00:00:00","prueba 961",,,
"5977","24/7/2019 00:00:00","prueba 962",,,
"5978","24/7/2019 00:00:00","prueba 963",,,
"5979","24/7/2019 00:00:00","prueba 964",,,
"5980","24/7/2019 00:00:00","prueba 965",,,
"5981","24/7/2019 00:00:00","prueba 966",,,
"5982","24/7/2019 00:00:00","prueba 967",,,
"5983","24/7/2019 00:00:00","prueba 968",,,
"5984","24/7/2019 00:00:00","prueba 969",,,
"5985","24/7/2019 00:00:00","prueba 970",,,
"5986","24/7/2019 00:00:00","prueba 971",,,
"5987","24/7/2019 00:00:00","prueba 972",,,
"5988","24/7/2019 00:00:00","prueba 973",,,
"5989","24/7/2019 00:00:00","prueba 974",,,
"5990","24/7/2019 00:00:00","prueba 975",,,
"5991","24/7/2019 00:00:00","prueba 976",,,
"5992","24/7/2019 00:00:00","prueba 977",,,
"5993","24/7/2019 00:00:00","prueba 978",,,
"5994","24/7/2019 00:00:00","prueba 979",,,
"5995","24/7/2019 00:00:00","prueba 980",,,
"5996","24/7/2019 00:00:00","prueba 981",,,
"5997","24/7/2019 00:00:00","prueba 982",,,
"5998","24/7/2019 00:00:00","prueba 983",,,
"5999","24/7/2019 00:00:00","prueba 984",,,
"6000","24/7/2019 00:00:00","prueba 985",,,
"6001","24/7/2019 00:00:00","prueba 986",,,
"6002","24/7/2019 00:00:00","prueba 987",,,
"6003","24/7/2019 00:00:00","prueba 988",,,
"6004","24/7/2019 00:00:00","prueba 989",,,
"6005","24/7/2019 00:00:00","prueba 990",,,
"6006","24/7/2019 00:00:00","prueba 991",,,
"6007","24/7/2019 00:00:00","prueba 992",,,
"6008","24/7/2019 00:00:00","prueba 993",,,
"6009","24/7/2019 00:00:00","prueba 994",,,
"6010","24/7/2019 00:00:00","prueba 995",,,
"6011","24/7/2019 00:00:00","prueba 996",,,
"6012","24/7/2019 00:00:00","prueba 997",,,
"6013","24/7/2019 00:00:00","prueba 998",,,
"6014","24/7/2019 00:00:00","prueba 999",,,
"6015","24/7/2019 00:00:00","prueba 0",,,